family_name,precision,recall,f1-score,support
Lollipop,1.0,0.9913797313797315,0.9956580206288264,813.0
Kelihos_ver3,0.9912171332296159,0.97991715543883,0.9854797808674884,319.0
Gatak,0.9997462284237771,0.9995765926494815,0.9996612852219208,2451.0
Kelihos_ver1,0.9990965153048187,0.9982748943656745,0.9986854073108036,2068.0
Obfuscator.ACY,0.9841220470562575,0.9770124334800604,0.9804126473260648,986.0
Simda,0.9859569994432945,0.9949675324675324,0.9903610529030967,1232.0
Tracur,0.975925925925926,0.806060606060606,0.8707915273132665,33.0
Vundo,0.9650780305603807,0.9933333333333334,0.9786625911345906,600.0
Ramnit,0.9872090393522359,0.9742105263157896,0.9802820737931588,380.0
accuracy,0.9925110081473203,0.9925110081473203,0.9925110081473203,8883.0
macro avg,0.9875946576995895,0.9683036450545599,0.9683036450545599,8883.0
weighted avg,0.9927607013299194,0.9925110081473203,0.9924685106098752,8883.0
